sec,loop_ticks,write_ticks
1788821913,471,50
1788821914,498,65
1788821915,539,68
1788821916,397,61
1788821917,463,49
1788821918,340,38
1788821919,321,14
1788821920,368,48
1788821921,518,68
1788821922,401,47
1788821923,365,43
1788821924,327,17
1788821925,332,35
1788821926,334,35
1788821927,309,10
1788821928,305,5
1788821929,316,16
1788821930,314,9
1788821931,325,21
1788821932,308,9
1788821933,310,10
1788821934,312,13
1788821935,303,4
1788821936,302,2
1788821937,314,8
1788821938,315,6
1788821939,310,9
1788821940,314,11
1788821941,309,10
1788821942,327,20
1788821943,309,5
1788821944,432,50
1788821945,359,39
1788821946,335,31
1788821947,316,14
1788821948,350,45
1788821949,424,61
1788821950,430,63
1788821951,374,37
1788821952,139,50
1788821953,101,18
1788821954,157,46
1788821955,124,35
1788821956,145,58
1788821957,101,15
1788821958,145,46
1788821959,124,37
1788821960,106,25
1788821961,108,31
1788821962,101,13
1788821963,145,58
1788821964,168,60
1788821965,116,30
1788821966,107,22
1788821967,136,43
1788821968,108,20
1788821969,93,8
1788821970,93,6
1788821971,91,4
1788821972,93,6
1788821973,104,17
1788821974,96,10
1788821975,161,55
1788821976,109,28
1788821977,91,5
1788821978,93,7
1788821979,91,4
1788821980,93,6
1788821981,90,4
1788821982,106,19
1788821983,97,12
1788821984,92,6
1788821985,92,6
1788821986,92,5
1788821987,90,3
1788821988,90,10
1788821989,92,5
1788821990,96,9
1788821991,90,7
1788821992,94,3
1788821993,114,27
1788821994,103,8
1788821995,90,5
1788821996,91,5
1788821997,101,15
1788821998,95,9
1788821999,95,8
1788822000,92,6
1788822001,106,7
1788822002,97,10
1788822003,95,8
1788822004,97,6
1788822005,95,8
1788822006,96,9
1788822007,90,3
1788822008,90,3
1788822009,91,3
1788822010,89,3
1788822011,199,57
1788822012,113,27
1788822013,103,16
1788822014,105,17
1788822015,102,15
1788822016,92,6
1788822017,92,6
1788822018,92,5
1788822019,94,8
1788822020,92,4
1788822021,92,5
1788822022,101,11
1788822023,93,7
1788822024,97,7
1788822025,97,10
1788822026,91,4
1788822027,94,7
1788822028,93,6
1788822029,100,6
1788822030,214,55
1788822031,160,49
1788822032,97,10
1788822033,115,28
1788822034,105,19
1788822035,116,29
1788822036,100,13
1788822037,118,27
1788822038,102,15
1788822039,99,13
1788822040,94,8
1788822041,179,59
1788822042,114,28
1788822043,97,11
1788822044,129,36
1788822045,98,12
1788822046,91,5
1788822047,95,8
1788822048,96,4
1788822049,96,9
1788822050,99,13
1788822051,92,5
1788822052,95,9
1788822053,99,12
1788822054,96,5
1788822055,92,5
1788822056,95,10
1788822057,93,6
1788822058,99,13
1788822059,94,6
1788822060,97,10
1788822061,99,7
1788822062,101,15
1788822063,91,5
1788822064,95,9
1788822065,88,4
1788822066,89,4
1788822067,93,8
1788822068,92,6
1788822069,94,6
1788822070,98,12
1788822071,97,11
1788822072,90,4
1788822073,92,7
1788822074,97,11
1788822075,93,7
1788822076,89,7
1788822077,93,7
1788822078,101,15
1788822079,89,3
1788822080,96,10
1788822081,95,9
1788822082,90,4
1788822083,90,5
1788822084,90,3
1788822085,90,4
1788822086,96,10
1788822087,94,4
1788822088,89,3
1788822089,91,5
1788822090,94,7
1788822091,99,6
1788822092,91,5
1788822093,90,5
1788822094,101,13
1788822095,121,34
1788822096,97,10
1788822097,94,7
1788822098,97,6
1788822099,89,8
1788822100,94,4
1788822101,92,6
1788822102,95,9
1788822103,98,10
1788822104,94,5
1788822105,91,4
1788822106,94,7
1788822107,95,9
1788822108,96,8
1788822109,94,7
1788822110,96,17
1788822111,92,6
1788822112,89,3
1788822113,93,7
1788822114,110,10
1788822115,93,5
1788822116,91,4
1788822117,89,3
1788822118,97,10
1788822119,92,6
1788822120,96,8
1788822121,95,9
1788822122,94,8
1788822123,93,6
1788822124,92,5
1788822125,89,3
1788822126,99,12
1788822127,93,7
1788822128,97,10
1788822129,97,9
1788822130,92,5
1788822131,101,16
1788822132,97,5
1788822133,89,3
1788822134,101,14
1788822135,96,10
1788822136,91,4
1788822137,90,4
1788822138,92,6
1788822139,91,5
1788822140,94,7
1788822141,92,6
1788822142,97,9
1788822143,92,5
1788822144,91,5
1788822145,94,6
1788822146,94,6
1788822147,99,7
1788822148,97,5
1788822149,90,4
1788822150,94,8
1788822151,93,8
1788822152,90,4
1788822153,91,5
1788822154,95,9
1788822155,91,4
1788822156,91,6
1788822157,93,7
1788822158,94,7
1788822159,91,5
1788822160,93,5
1788822161,96,4
1788822162,92,5
1788822163,92,6
1788822164,91,5
1788822165,90,4
1788822166,96,10
1788822167,92,6
1788822168,94,6
1788822169,91,6
1788822170,92,5
1788822171,91,5
1788822172,97,6
1788822173,95,9
1788822174,96,10
1788822175,97,6
1788822176,95,9
1788822177,93,7
1788822178,93,7
1788822179,94,8
1788822180,98,12
1788822181,93,7
1788822182,94,8
1788822183,91,6
1788822184,96,9
1788822185,91,4
1788822186,95,4
1788822187,95,5
1788822188,90,4
1788822189,90,3
1788822190,96,9
1788822191,97,10
1788822192,99,11
1788822193,101,10
1788822194,95,9
1788822195,97,7
1788822196,93,6
1788822197,90,4
1788822198,95,9
1788822199,94,8
1788822200,93,6
1788822201,99,7
1788822202,91,4
1788822203,92,5
1788822204,91,4
1788822205,90,5
1788822206,96,9
1788822207,101,11
1788822208,91,5
1788822209,91,4
1788822210,96,9
1788822211,90,4
1788822212,103,17
1788822213,101,13
1788822214,98,12
1788822215,97,9
1788822216,101,14
1788822217,97,9
1788822218,93,7
1788822219,93,6
1788822220,94,8
1788822221,90,4
1788822222,95,8
1788822223,114,26
1788822224,99,6
1788822225,92,5
1788822226,90,3
1788822227,89,3
1788822228,98,9
1788822229,91,5
1788822230,95,9
1788822231,102,8
1788822232,93,6
1788822233,89,3
1788822234,96,9
1788822235,97,9
1788822236,92,7
1788822237,89,3
1788822238,98,8
1788822239,100,10
1788822240,93,5
1788822241,91,4
1788822242,99,9
1788822243,92,7
1788822244,95,9
1788822245,91,7
1788822246,93,8
1788822247,92,6
1788822248,93,6
1788822249,87,5
1788822250,95,8
1788822251,106,15
1788822252,93,7
1788822253,95,4
1788822254,100,12
1788822255,103,9
1788822256,91,5
1788822257,126,30
1788822258,95,7
1788822259,97,13
1788822260,90,5
1788822261,100,8
1788822262,97,11
1788822263,94,7
1788822264,92,6
1788822265,91,5
1788822266,94,7
1788822267,93,7
1788822268,98,11
1788822269,93,7
1788822270,96,9
1788822271,93,6
1788822272,101,9
1788822273,93,7
1788822274,97,6
1788822275,92,6
1788822276,128,31
1788822277,94,8
1788822278,93,6
1788822279,92,6
1788822280,95,15
1788822281,101,8
1788822282,93,6
1788822283,128,41
1788822284,97,6
1788822285,94,6
1788822286,96,9
1788822287,93,5
1788822288,93,7
1788822289,93,4
1788822290,92,5
1788822291,93,6
1788822292,92,5
1788822293,91,5
1788822294,94,7
1788822295,93,7
1788822296,94,6
1788822297,91,5
1788822298,91,5
1788822299,94,8
1788822300,108,21
1788822301,98,6
1788822302,102,12
1788822303,90,4
1788822304,98,11
1788822305,96,10
1788822306,90,4
1788822307,90,5
1788822308,92,6
1788822309,90,4
1788822310,97,10
1788822311,102,16
1788822312,93,7
1788822313,91,5
1788822314,93,6
1788822315,92,6
1788822316,95,6
1788822317,90,4
1788822318,95,9
1788822319,94,8
1788822320,91,4
1788822321,95,8
1788822322,92,5
1788822323,92,6
1788822324,92,6
1788822325,93,7
1788822326,95,9
1788822327,95,8
1788822328,107,4
1788822329,90,4
1788822330,95,9
1788822331,94,8
1788822332,95,8
1788822333,93,6
1788822334,95,8
1788822335,95,7
1788822336,91,5
1788822337,92,4
1788822338,96,8
1788822339,91,4
1788822340,90,3
1788822341,90,4
1788822342,96,10
1788822343,93,8
1788822344,95,8
1788822345,97,7
1788822346,90,3
1788822347,90,4
1788822348,94,5
1788822349,97,10
1788822350,107,12
1788822351,94,9
1788822352,95,8
1788822353,97,6
1788822354,126,32
1788822355,115,28
1788822356,114,27
1788822357,99,12
1788822358,94,6
1788822359,89,6
1788822360,92,6
1788822361,91,4
1788822362,105,17
1788822363,94,7
1788822364,95,9
1788822365,96,7
1788822366,91,5
1788822367,94,7
1788822368,90,5
1788822369,95,4
1788822370,99,13
1788822371,124,37
1788822372,92,5
1788822373,89,3
1788822374,89,3
1788822375,93,3
1788822376,105,14
1788822377,116,4
1788822378,93,7
1788822379,90,5
1788822380,91,4
1788822381,98,7
1788822382,103,17
1788822383,104,12
1788822384,106,14
1788822385,98,12
1788822386,94,8
1788822387,96,10
1788822388,96,10
1788822389,95,8
1788822390,95,9
1788822391,102,11
1788822392,92,6
1788822393,91,5
1788822394,96,10
1788822395,91,5
1788822396,92,6
1788822397,91,4
1788822398,91,5
1788822399,90,4
1788822400,91,4
1788822401,92,5
1788822402,91,5
1788822403,91,5
1788822404,94,14
1788822405,128,35
1788822406,98,10
1788822407,92,5
1788822408,96,5
1788822409,90,4
1788822410,94,7
1788822411,90,4
1788822412,91,5
1788822413,90,4
1788822414,91,5
1788822415,92,5
1788822416,93,5
1788822417,90,4
1788822418,99,6
1788822419,87,4
1788822420,94,5
1788822421,96,4
1788822422,99,8
1788822423,91,4
1788822424,94,8
1788822425,94,7
1788822426,94,9
1788822427,95,7
1788822428,93,7
1788822429,96,9
1788822430,92,6
1788822431,90,4
1788822432,92,5
1788822433,91,4
1788822434,95,9
1788822435,92,4
1788822436,89,3
1788822437,95,9
1788822438,90,4
1788822439,97,10
1788822440,91,5
1788822441,90,4
1788822442,95,5
1788822443,92,6
1788822444,94,8
1788822445,91,5
1788822446,98,11
1788822447,93,7
1788822448,93,6
1788822449,93,7
1788822450,109,23
1788822451,99,13
1788822452,102,14
1788822453,103,16
1788822454,95,7
1788822455,93,7
1788822456,94,7
1788822457,113,16
1788822458,102,16
1788822459,111,25
1788822460,106,13
1788822461,96,10
1788822462,103,16
1788822463,94,9
1788822464,95,7
1788822465,93,6
1788822466,95,8
1788822467,97,11
1788822468,97,10
1788822469,95,9
1788822470,95,10
1788822471,98,11
1788822472,97,10
1788822473,96,9
1788822474,98,11
1788822475,95,8
1788822476,97,10
1788822477,96,9
1788822478,100,8
1788822479,94,8
1788822480,99,7
1788822481,98,11
1788822482,96,9
1788822483,94,8
1788822484,122,36
1788822485,98,12
1788822486,95,9
1788822487,98,11
1788822488,94,8
1788822489,95,9
1788822490,94,7
1788822491,103,17
1788822492,120,33
1788822493,102,15
1788822494,96,9
1788822495,97,11
1788822496,97,10
1788822497,94,8
1788822498,94,8
1788822499,95,8
1788822500,93,7
1788822501,93,7
1788822502,94,8
1788822503,93,7
1788822504,94,8
1788822505,94,7
1788822506,95,8
1788822507,98,8
1788822508,97,5
1788822509,92,5
1788822510,96,8
1788822511,102,11
1788822512,96,9
1788822513,98,10
1788822514,95,8
1788822515,95,8
1788822516,97,10
1788822517,95,9
1788822518,95,8
1788822519,105,17
1788822520,109,18
1788822521,93,6
1788822522,95,8
1788822523,100,11
1788822524,104,18
1788822525,96,14
1788822526,95,8
1788822527,95,8
1788822528,93,6
1788822529,93,6
1788822530,105,17
1788822531,100,13
1788822532,94,8
1788822533,96,10
1788822534,102,16
1788822535,104,16
1788822536,110,17
1788822537,115,29
1788822538,99,10
1788822539,96,8
1788822540,94,7
1788822541,103,16
1788822542,103,10
1788822543,97,7
1788822544,94,6
1788822545,90,7
1788822546,102,11
1788822547,107,16
1788822548,94,7
1788822549,95,8
1788822550,93,7
1788822551,108,23
1788822552,96,10
1788822553,95,9
1788822554,96,9
1788822555,95,8
1788822556,96,9
1788822557,94,7
1788822558,96,10
1788822559,94,8
1788822560,93,6
1788822561,94,8
1788822562,95,8
1788822563,94,8
1788822564,98,8
1788822565,100,13
1788822566,98,11
1788822567,98,11
1788822568,95,8
1788822569,102,10
1788822570,96,10
1788822571,95,9
1788822572,95,8
1788822573,104,8
1788822574,94,7
1788822575,96,9
1788822576,100,13
1788822577,94,8
1788822578,95,8
1788822579,93,6
1788822580,92,6
1788822581,97,11
1788822582,96,9
1788822583,100,13
1788822584,113,27
1788822585,105,13
1788822586,114,22
1788822587,98,12
1788822588,96,9
1788822589,99,12
1788822590,98,12
1788822591,96,9
1788822592,95,8
1788822593,94,8
1788822594,95,9
1788822595,98,11
1788822596,96,10
1788822597,96,11
1788822598,94,9
1788822599,98,11
1788822600,96,9
1788822601,110,23
1788822602,99,14
1788822603,97,9
1788822604,95,9
1788822605,96,10
1788822606,99,12
1788822607,95,9
1788822608,97,10
1788822609,97,11
1788822610,95,8
1788822611,109,17
1788822612,98,12
1788822613,104,9
1788822614,89,3
1788822615,100,20
1788822616,91,6
1788822617,90,3
1788822618,92,5
1788822619,104,18
1788822620,93,6
1788822621,91,5
1788822622,92,5
1788822623,91,4
1788822624,98,12
1788822625,90,4
1788822626,93,7
1788822627,92,6
1788822628,91,4
1788822629,90,4
1788822630,91,5
1788822631,239,67
1788822632,202,71
1788822633,191,52
1788822634,176,53
1788822635,185,56
1788822636,199,50
1788822637,212,44
1788822638,233,57
1788822639,208,64
1788822640,194,58
1788822641,236,88
1788822642,207,62
1788822643,243,69
1788822644,245,62
1788822645,208,67
1788822646,239,83
1788822647,206,62
1788822648,235,66
1788822649,223,70
1788822650,251,90
1788822651,212,53
1788822652,222,66
1788822653,246,87
1788822654,225,78
1788822655,202,57
1788822656,207,55
1788822657,220,67
1788822658,203,49
1788822659,247,78
1788822660,201,46
1788822661,228,75
1788822662,223,67
1788822663,245,60
1788822664,242,80
1788822665,217,60
1788822666,219,55
1788822667,220,67
1788822668,234,56
1788822669,235,80
1788822670,208,61
1788822671,218,58
1788822672,206,44
1788822673,246,55
1788822674,241,67
1788822675,252,84
1788822676,211,61
1788822677,224,63
1788822678,200,52
1788822679,275,92
1788822680,259,64
1788822681,208,53
1788822682,206,57
1788822683,211,79
1788822684,298,106
1788822685,211,62
1788822686,243,57
1788822687,213,62
1788822688,218,61
1788822689,215,70
1788822690,210,69
1788822691,193,60
1788822692,216,56
1788822693,210,60
1788822694,235,67
1788822695,233,80
1788822696,234,60
1788822697,188,54
1788822698,223,65
1788822699,223,58
1788822700,223,66
1788822701,207,60
1788822702,196,48
1788822703,269,61
1788822704,221,61
1788822705,208,61
1788822706,214,47
1788822707,196,44
1788822708,200,49
1788822709,230,56
1788822710,250,70
1788822711,241,67
1788822712,241,74
1788822713,198,62
1788822714,241,58
1788822715,205,51
1788822716,253,63
1788822717,248,94
1788822718,198,49
1788822719,222,62
1788822720,229,71
1788822721,191,46
1788822722,215,66
1788822723,207,52
1788822724,212,64
1788822725,220,72
1788822726,254,87
1788822727,216,74
1788822728,221,54
1788822729,230,75
1788822730,198,52
1788822731,199,63
1788822732,247,92
1788822733,202,55
1788822734,244,58
1788822735,229,68
1788822736,232,58
1788822737,287,79
1788822738,222,63
1788822739,244,75
1788822740,233,68
1788822741,201,50
1788822742,233,70
1788822743,230,59
1788822744,248,73
1788822745,204,52
1788822746,268,73
1788822747,247,81
1788822748,236,64
1788822749,206,52
1788822750,222,63
1788822751,217,51
1788822752,227,62
1788822753,219,60
1788822754,238,71
1788822755,204,69
1788822756,225,56
1788822757,214,49
1788822758,264,58
1788822759,232,53
1788822760,247,78
1788822761,196,57
1788822762,249,65
1788822763,218,64
1788822764,222,59
1788822765,191,58
1788822766,206,60
1788822767,195,54
1788822768,259,85
1788822769,204,54
1788822770,231,72
1788822771,217,58
1788822772,214,51
1788822773,225,57
1788822774,285,90
1788822775,241,78
1788822776,240,70
1788822777,217,70
1788822778,216,65
1788822779,253,66
1788822780,225,77
1788822781,224,61
1788822782,206,62
1788822783,215,71
1788822784,244,65
1788822785,174,40
1788822786,233,79
1788822787,223,58
1788822788,237,51
1788822789,249,66
1788822790,252,84
1788822791,244,58
1788822792,226,54
1788822793,209,58
1788822794,200,65
1788822795,190,50
1788822796,213,52
1788822797,217,59
1788822798,201,60
1788822799,204,57
1788822800,207,42
1788822801,224,53
1788822802,236,52
1788822803,242,70
1788822804,240,74
1788822805,202,55
1788822806,218,54
1788822807,217,60
1788822808,238,51
1788822809,198,57
1788822810,208,58
1788822811,261,80
1788822812,238,58
1788822813,198,71
1788822814,252,72
1788822815,236,80
1788822816,227,63
1788822817,267,80
1788822818,239,83
1788822819,219,73
1788822820,203,61
1788822821,233,66
1788822822,266,71
1788822823,241,84
1788822824,222,67
1788822825,227,71
1788822826,219,53
1788822827,223,74
1788822828,229,66
1788822829,198,56
1788822830,237,56
1788822831,229,61
1788822832,242,60
1788822833,246,84
1788822834,230,67
1788822835,246,65
1788822836,227,60
1788822837,205,51
1788822838,234,69
1788822839,227,61
1788822840,205,47
1788822841,204,57
1788822842,176,46
1788822843,244,80
1788822844,218,66
1788822845,228,55
1788822846,184,52
1788822847,195,50
1788822848,221,59
1788822849,210,57
1788822850,229,57
1788822851,215,45
1788822852,221,68
1788822853,210,65
1788822854,235,63
1788822855,242,71
1788822856,241,73
1788822857,210,60
1788822858,233,59
1788822859,208,71
1788822860,255,78
1788822861,206,53
1788822862,210,65
1788822863,193,51
1788822864,217,64
1788822865,201,45
1788822866,252,84
1788822867,212,46
1788822868,221,53
1788822869,213,48
1788822870,243,58
1788822871,241,65
1788822872,230,59
1788822873,215,62
1788822874,212,56
1788822875,215,52
1788822876,199,57
1788822877,213,55
1788822878,216,60
1788822879,207,57
1788822880,240,69
1788822881,214,55
1788822882,209,52
1788822883,231,54
1788822884,229,59
1788822885,187,50
1788822886,211,66
1788822887,237,64
1788822888,226,58
1788822889,212,49
1788822890,193,55
1788822891,241,78
1788822892,217,57
1788822893,234,53
1788822894,210,74
1788822895,247,65
1788822896,232,80
1788822897,240,65
1788822898,219,65
1788822899,202,66
1788822900,221,68
1788822901,265,94
1788822902,218,66
1788822903,207,56
1788822904,262,76
1788822905,199,52
1788822906,211,63
1788822907,204,54
1788822908,240,66
1788822909,217,53
1788822910,239,69
1788822911,200,62
1788822912,239,65
1788822913,247,63
1788822914,216,78
1788822915,214,53
1788822916,272,104
1788822917,231,63
1788822918,217,55
1788822919,233,80
1788822920,238,68
1788822921,242,72
1788822922,224,69
1788822923,228,63
1788822924,248,87
1788822925,211,72
1788822926,226,53
1788822927,192,58
1788822928,237,63
1788822929,204,65
1788822930,196,51
1788822931,248,58
1788822932,224,57
1788822933,236,52
1788822934,218,66
1788822935,197,47
1788822936,208,52
1788822937,232,60
1788822938,223,59
1788822939,218,78
1788822940,224,67
1788822941,229,66
1788822942,199,54
1788822943,231,69
1788822944,248,82
1788822945,210,70
1788822946,236,78
1788822947,183,54
1788822948,295,69
1788822949,228,86
1788822950,184,51
1788822951,214,69
1788822952,257,74
1788822953,215,58
1788822954,251,85
1788822955,203,54
1788822956,263,74
1788822957,237,70
1788822958,249,78
1788822959,252,92
1788822960,235,64
1788822961,223,63
1788822962,229,73
1788822963,210,60
1788822964,222,67
1788822965,189,48
1788822966,203,48
1788822967,213,50
1788822968,229,50
1788822969,187,48
1788822970,224,57
1788822971,230,54
1788822972,223,64
1788822973,201,44
1788822974,236,71
1788822975,208,52
1788822976,244,53
1788822977,261,70
1788822978,188,50
1788822979,227,57
1788822980,220,61
1788822981,248,67
1788822982,236,80
1788822983,203,67
1788822984,244,75
1788822985,237,73
1788822986,222,52
1788822987,244,92
1788822988,223,66
1788822989,220,63
1788822990,263,82
1788822991,188,63
1788822992,139,53
1788822993,119,34
1788822994,123,32
1788822995,96,11
1788822996,112,27
1788822997,96,8
1788822998,122,33
1788822999,108,23
1788823000,102,17
1788823001,188,67
1788823002,135,31
1788823003,107,20
1788823004,108,22
1788823005,112,24
1788823006,100,14
1788823007,97,10
1788823008,92,7
1788823009,92,7
1788823010,95,8
1788823011,94,8
1788823012,92,6
1788823013,86,4
1788823014,95,9
1788823015,98,10
1788823016,94,8
1788823017,93,8
1788823018,91,5
1788823019,88,4
1788823020,90,5
1788823021,93,6
1788823022,151,47
1788823023,117,24
1788823024,97,11
1788823025,98,16
1788823026,109,23
1788823027,94,11
1788823028,96,11
1788823029,92,10
1788823030,100,13
1788823031,98,11
1788823032,96,7
1788823033,92,6
1788823034,95,8
1788823035,96,9
1788823036,92,7
1788823037,93,8
1788823038,98,11
1788823039,96,9
1788823040,97,10
1788823041,98,7
1788823042,95,9
1788823043,92,5
1788823044,99,13
1788823045,100,13
1788823046,100,14
1788823047,99,13
1788823048,101,10
1788823049,103,16
1788823050,98,11
1788823051,100,12
1788823052,99,12
1788823053,91,6
1788823054,101,13
1788823055,103,10
1788823056,92,6
1788823057,96,9
1788823058,97,10
1788823059,95,8
1788823060,95,8
1788823061,95,8
1788823062,100,12
1788823063,95,12
1788823064,102,15
1788823065,96,10
1788823066,97,11
1788823067,99,12
1788823068,94,8
1788823069,95,8
1788823070,97,11
1788823071,96,10
1788823072,98,12
1788823073,95,11
1788823074,103,11
1788823075,97,11
1788823076,96,11
1788823077,105,11
1788823078,97,10
1788823079,93,10
1788823080,92,6
1788823081,95,10
1788823082,93,6
1788823083,91,5
1788823084,92,6
1788823085,102,16
1788823086,97,12
1788823087,97,14
1788823088,95,9
1788823089,91,5
1788823090,92,6
1788823091,110,20
1788823092,116,30
1788823093,88,5
1788823094,107,22
1788823095,103,16
1788823096,98,11
1788823097,106,20
1788823098,98,13
1788823099,104,16
1788823100,104,17
1788823101,103,17
1788823102,113,20
1788823103,96,12
1788823104,93,6
1788823105,102,15
1788823106,100,14
1788823107,99,13
1788823108,92,5
1788823109,93,6
1788823110,97,11
1788823111,101,13
1788823112,99,13
1788823113,95,7
1788823114,92,6
1788823115,95,7
1788823116,94,6
1788823117,92,6
1788823118,102,11
1788823119,99,10
1788823120,93,6
1788823121,91,5
1788823122,92,6
1788823123,91,5
1788823124,97,10
1788823125,108,20
1788823126,129,44
1788823127,105,18
1788823128,92,10
1788823129,96,10
1788823130,94,6
1788823131,93,7
1788823132,92,5
1788823133,100,13
1788823134,104,14
1788823135,97,10
1788823136,98,10
1788823137,98,12
1788823138,102,13
1788823139,97,11
1788823140,100,14
1788823141,95,9
1788823142,100,14
1788823143,101,14
1788823144,91,6
1788823145,100,13
1788823146,120,34
1788823147,106,19
1788823148,117,31
1788823149,98,11
1788823150,98,10
1788823151,119,29
1788823152,105,10
1788823153,94,7
1788823154,93,6
1788823155,97,10
1788823156,98,13
1788823157,97,10
1788823158,96,10
1788823159,98,11
1788823160,97,11
1788823161,92,6
1788823162,103,10
1788823163,100,13
1788823164,121,34
1788823165,125,37
1788823166,101,11
1788823167,104,12
1788823168,97,10
1788823169,97,10
1788823170,99,11
1788823171,99,12
1788823172,104,13
1788823173,97,10
1788823174,99,12
1788823175,97,11
1788823176,98,8
1788823177,93,6
1788823178,110,12
1788823179,126,40
1788823180,102,15
1788823181,102,14
1788823182,102,14
1788823183,98,11
1788823184,92,7
1788823185,98,11
1788823186,98,11
1788823187,94,8
1788823188,93,6
1788823189,96,8
1788823190,117,22
1788823191,102,15
1788823192,100,13
1788823193,102,10
1788823194,92,6
1788823195,94,6
1788823196,90,5
1788823197,93,6
1788823198,98,12
1788823199,97,10
1788823200,94,7
1788823201,98,10
1788823202,92,7
1788823203,92,6
1788823204,102,11
1788823205,100,14
1788823206,102,15
1788823207,98,12
1788823208,98,11
1788823209,87,4
1788823210,91,6
1788823211,103,17
1788823212,111,23
1788823213,90,5
1788823214,97,11
1788823215,97,10
1788823216,91,7
1788823217,96,10
1788823218,93,7
1788823219,90,4
1788823220,92,6
1788823221,90,4
1788823222,99,13
1788823223,98,11
1788823224,92,6
1788823225,99,12
1788823226,97,10
1788823227,90,4
1788823228,96,7
1788823229,93,7
1788823230,98,12
1788823231,235,75
1788823232,349,109
1788823233,285,115
1788823234,234,59
1788823235,217,59
1788823236,238,83
1788823237,265,94
1788823238,227,78
1788823239,236,75
1788823240,270,96
1788823241,231,88
1788823242,234,75
1788823243,256,77
1788823244,269,99
1788823245,217,79
1788823246,230,88
1788823247,261,84
1788823248,267,98
1788823249,249,79
1788823250,231,72
1788823251,222,70
1788823252,218,61
1788823253,197,73
1788823254,224,66
1788823255,237,80
1788823256,208,64
1788823257,227,71
1788823258,209,72
1788823259,202,64
1788823260,211,66
1788823261,197,65
1788823262,239,76
1788823263,171,51
1788823264,215,63
1788823265,168,73
1788823266,186,55
1788823267,239,73
1788823268,194,54
1788823269,228,67
1788823270,202,63
1788823271,255,106
1788823272,202,64
1788823273,214,79
1788823274,224,72
1788823275,194,74
1788823276,146,49
1788823277,201,68
1788823278,292,148
1788823279,262,73
1788823280,203,65
1788823281,264,98
1788823282,227,88
1788823283,167,39
1788823284,277,86
1788823285,181,82
1788823286,255,75
1788823287,228,67
1788823288,208,70
1788823289,224,73
1788823290,234,69
1788823291,219,72
1788823292,222,66
1788823293,231,75
1788823294,179,62
1788823295,298,103
1788823296,215,64
1788823297,270,102
1788823298,227,66
1788823299,176,56
1788823300,242,66
1788823301,198,62
1788823302,228,70
1788823303,216,69
1788823304,232,65
1788823305,227,81
1788823306,218,66
1788823307,239,58
1788823308,179,57
1788823309,237,76
1788823310,214,68
1788823311,235,84
1788823312,203,60
1788823313,240,84
1788823314,251,76
1788823315,237,72
1788823316,182,47
1788823317,213,67
1788823318,250,91
1788823319,187,53
1788823320,235,84
1788823321,226,76
1788823322,274,86
1788823323,273,102
1788823324,189,66
1788823325,201,76
1788823326,185,67
1788823327,215,79
1788823328,238,94
1788823329,191,62
1788823330,244,71
1788823331,250,101
1788823332,221,74
1788823333,213,75
1788823334,208,82
1788823335,205,70
1788823336,243,75
1788823337,209,81
1788823338,278,97
1788823339,182,49
1788823340,218,71
1788823341,202,66
1788823342,213,71
1788823343,302,122
1788823344,245,99
1788823345,253,95
1788823346,209,67
1788823347,225,52
1788823348,237,85
1788823349,251,80
1788823350,271,71
1788823351,207,64
1788823352,229,78
1788823353,238,60
1788823354,253,78
1788823355,326,133
1788823356,195,62
1788823357,247,70
1788823358,216,63
1788823359,271,85
1788823360,237,66
1788823361,300,114
1788823362,210,66
1788823363,194,50
1788823364,233,88
1788823365,243,65
1788823366,250,82
1788823367,217,72
1788823368,242,69
1788823369,167,50
1788823370,208,56
1788823371,225,72
1788823372,257,79
1788823373,243,78
1788823374,247,97
1788823375,214,68
1788823376,158,58
1788823377,226,75
1788823378,239,69
1788823379,224,75
1788823380,235,54
1788823381,216,88
1788823382,231,60
1788823383,217,70
1788823384,227,64
1788823385,253,56
1788823386,237,77
1788823387,195,58
1788823388,193,76
1788823389,196,48
1788823390,258,84
1788823391,248,79
1788823392,230,76
1788823393,212,72
1788823394,235,72
1788823395,225,74
1788823396,228,74
1788823397,148,47
1788823398,242,61
1788823399,171,55
1788823400,230,62
1788823401,172,41
1788823402,175,47
1788823403,203,63
1788823404,148,48
1788823405,173,41
1788823406,183,40
1788823407,175,45
1788823408,181,29
1788823409,175,60
1788823410,268,106
1788823411,214,68
1788823412,203,60
1788823413,205,70
1788823414,213,68
1788823415,128,38
1788823416,231,44
1788823417,203,67
1788823418,229,77
1788823419,206,58
1788823420,191,67
1788823421,181,60
1788823422,216,79
1788823423,213,55
1788823424,157,57
1788823425,195,65
1788823426,220,68
1788823427,212,91
1788823428,215,62
1788823429,220,88
1788823430,164,54
1788823431,231,68
1788823432,218,63
1788823433,249,69
1788823434,170,46
1788823435,232,93
1788823436,205,48
1788823437,173,47
1788823438,187,48
1788823439,236,78
1788823440,188,49
1788823441,206,53
1788823442,239,67
1788823443,225,53
1788823444,197,59
1788823445,177,68
1788823446,221,63
1788823447,123,36
1788823448,167,68
1788823449,224,99
1788823450,219,71
1788823451,240,94
1788823452,207,69
1788823453,177,56
1788823454,263,111
1788823455,247,94
1788823456,233,96
1788823457,193,63
1788823458,192,63
1788823459,179,55
1788823460,190,50
1788823461,206,52
1788823462,191,57
1788823463,188,57
1788823464,196,72
1788823465,195,49
1788823466,161,37
1788823467,152,43
1788823468,228,91
1788823469,202,64
1788823470,151,55
1788823471,202,59
1788823472,241,94
1788823473,221,71
1788823474,216,66
1788823475,194,55
1788823476,184,38
1788823477,178,45
1788823478,256,89
1788823479,214,60
1788823480,190,55
1788823481,233,57
1788823482,210,77
1788823483,246,87
1788823484,171,58
1788823485,174,61
1788823486,199,73
1788823487,240,84
1788823488,193,71
1788823489,191,71
1788823490,245,69
1788823491,195,58
1788823492,238,93
1788823493,198,64
1788823494,242,72
1788823495,157,61
1788823496,216,67
1788823497,203,61
1788823498,180,55
1788823499,209,74
1788823500,257,68
1788823501,240,62
1788823502,262,83
1788823503,221,57
1788823504,213,67
1788823505,230,69
1788823506,257,86
1788823507,228,70
1788823508,200,62
1788823509,219,90
1788823510,212,69
1788823511,197,59
1788823512,193,59
1788823513,235,93
1788823514,201,71
1788823515,216,57
1788823516,247,56
1788823517,235,64
1788823518,213,82
1788823519,247,82
1788823520,187,59
1788823521,228,77
1788823522,221,60
1788823523,232,77
1788823524,222,62
1788823525,230,83
1788823526,240,92
1788823527,200,65
1788823528,225,66
1788823529,219,75
1788823530,227,75
1788823531,208,69
1788823532,279,121
1788823533,202,74
1788823534,228,78
1788823535,226,82
1788823536,205,73
1788823537,195,56
1788823538,205,71
1788823539,193,43
1788823540,253,85
1788823541,226,79
1788823542,225,71
1788823543,224,78
1788823544,158,42
1788823545,247,110
1788823546,224,76
1788823547,209,64
1788823548,208,57
1788823549,131,39
1788823550,164,55
1788823551,169,52
1788823552,204,64
1788823553,201,58
1788823554,211,71
1788823555,209,57
1788823556,183,44
1788823557,239,62
1788823558,237,86
1788823559,167,56
1788823560,180,68
1788823561,227,64
1788823562,237,76
1788823563,258,82
1788823564,195,60
1788823565,257,100
1788823566,204,67
1788823567,195,59
1788823568,205,67
1788823569,227,92
1788823570,231,62
1788823571,267,98
1788823572,202,66
1788823573,211,73
1788823574,230,58
1788823575,244,78
1788823576,238,75
1788823577,213,79
1788823578,266,123
1788823579,202,83
1788823580,238,82
1788823581,215,79
1788823582,263,109
1788823583,254,87
1788823584,216,73
1788823585,251,71
1788823586,199,70
1788823587,227,67
1788823588,214,92
1788823589,213,60
1788823590,184,60
1788823591,205,55
